{
    "A": {
        "precision": 1.0,
        "recall": 0.996,
        "f1-score": 0.9979959919839679,
        "support": 250
    },
    "B": {
        "precision": 0.9615384615384616,
        "recall": 1.0,
        "f1-score": 0.9803921568627451,
        "support": 250
    },
    "C": {
        "precision": 1.0,
        "recall": 0.996,
        "f1-score": 0.9979959919839679,
        "support": 250
    },
    "D": {
        "precision": 0.9157509157509157,
        "recall": 1.0,
        "f1-score": 0.9560229445506693,
        "support": 250
    },
    "E": {
        "precision": 0.8607142857142858,
        "recall": 0.964,
        "f1-score": 0.909433962264151,
        "support": 250
    },
    "F": {
        "precision": 1.0,
        "recall": 0.988,
        "f1-score": 0.993963782696177,
        "support": 250
    },
    "G": {
        "precision": 0.8417508417508418,
        "recall": 1.0,
        "f1-score": 0.9140767824497259,
        "support": 250
    },
    "H": {
        "precision": 1.0,
        "recall": 0.776,
        "f1-score": 0.8738738738738739,
        "support": 250
    },
    "I": {
        "precision": 1.0,
        "recall": 0.952,
        "f1-score": 0.9754098360655737,
        "support": 250
    },
    "J": {
        "precision": 0.9765625,
        "recall": 1.0,
        "f1-score": 0.9881422924901185,
        "support": 250
    },
    "K": {
        "precision": 1.0,
        "recall": 0.96,
        "f1-score": 0.9795918367346939,
        "support": 250
    },
    "L": {
        "precision": 0.9920634920634921,
        "recall": 1.0,
        "f1-score": 0.9960159362549801,
        "support": 250
    },
    "M": {
        "precision": 0.8970588235294118,
        "recall": 0.732,
        "f1-score": 0.8061674008810573,
        "support": 250
    },
    "N": {
        "precision": 0.7621951219512195,
        "recall": 1.0,
        "f1-score": 0.8650519031141869,
        "support": 250
    },
    "O": {
        "precision": 0.995850622406639,
        "recall": 0.96,
        "f1-score": 0.9775967413441955,
        "support": 250
    },
    "P": {
        "precision": 1.0,
        "recall": 1.0,
        "f1-score": 1.0,
        "support": 250
    },
    "Q": {
        "precision": 0.9960159362549801,
        "recall": 1.0,
        "f1-score": 0.998003992015968,
        "support": 250
    },
    "R": {
        "precision": 1.0,
        "recall": 0.908,
        "f1-score": 0.9517819706498952,
        "support": 250
    },
    "S": {
        "precision": 1.0,
        "recall": 0.708,
        "f1-score": 0.82903981264637,
        "support": 250
    },
    "T": {
        "precision": 0.9603174603174603,
        "recall": 0.968,
        "f1-score": 0.9641434262948207,
        "support": 250
    },
    "U": {
        "precision": 1.0,
        "recall": 0.996,
        "f1-score": 0.9979959919839679,
        "support": 250
    },
    "V": {
        "precision": 0.9578544061302682,
        "recall": 1.0,
        "f1-score": 0.9784735812133072,
        "support": 250
    },
    "W": {
        "precision": 0.9920634920634921,
        "recall": 1.0,
        "f1-score": 0.9960159362549801,
        "support": 250
    },
    "X": {
        "precision": 1.0,
        "recall": 1.0,
        "f1-score": 1.0,
        "support": 250
    },
    "Y": {
        "precision": 1.0,
        "recall": 1.0,
        "f1-score": 1.0,
        "support": 250
    },
    "Z": {
        "precision": 0.9578544061302682,
        "recall": 1.0,
        "f1-score": 0.9784735812133072,
        "support": 250
    },
    "LOVE": {
        "precision": 1.0,
        "recall": 1.0,
        "f1-score": 1.0,
        "support": 50
    },
    "LIKE": {
        "precision": 0.84,
        "recall": 1.0,
        "f1-score": 0.9130434782608696,
        "support": 63
    },
    "OK": {
        "precision": 1.0,
        "recall": 1.0,
        "f1-score": 1.0,
        "support": 50
    },
    "HEART": {
        "precision": 1.0,
        "recall": 1.0,
        "f1-score": 1.0,
        "support": 50
    },
    "accuracy": 0.9591836734693877,
    "macro avg": {
        "precision": 0.9635863588533912,
        "recall": 0.9634666666666667,
        "f1-score": 0.9606234401361191,
        "support": 6713
    },
    "weighted avg": {
        "precision": 0.9637744214807737,
        "recall": 0.9591836734693877,
        "f1-score": 0.9584294161457039,
        "support": 6713
    }
}