{
    "A": {
        "precision": 1.0,
        "recall": 1.0,
        "f1-score": 1.0,
        "support": 250
    },
    "B": {
        "precision": 1.0,
        "recall": 1.0,
        "f1-score": 1.0,
        "support": 250
    },
    "C": {
        "precision": 1.0,
        "recall": 1.0,
        "f1-score": 1.0,
        "support": 250
    },
    "D": {
        "precision": 1.0,
        "recall": 1.0,
        "f1-score": 1.0,
        "support": 250
    },
    "E": {
        "precision": 0.9363295880149812,
        "recall": 1.0,
        "f1-score": 0.9671179883945841,
        "support": 250
    },
    "F": {
        "precision": 1.0,
        "recall": 0.996,
        "f1-score": 0.9979959919839679,
        "support": 250
    },
    "G": {
        "precision": 0.8532423208191127,
        "recall": 1.0,
        "f1-score": 0.9208103130755064,
        "support": 250
    },
    "H": {
        "precision": 1.0,
        "recall": 0.828,
        "f1-score": 0.9059080962800875,
        "support": 250
    },
    "I": {
        "precision": 1.0,
        "recall": 1.0,
        "f1-score": 1.0,
        "support": 250
    },
    "J": {
        "precision": 1.0,
        "recall": 1.0,
        "f1-score": 1.0,
        "support": 250
    },
    "K": {
        "precision": 1.0,
        "recall": 1.0,
        "f1-score": 1.0,
        "support": 250
    },
    "L": {
        "precision": 1.0,
        "recall": 1.0,
        "f1-score": 1.0,
        "support": 250
    },
    "M": {
        "precision": 0.9920634920634921,
        "recall": 1.0,
        "f1-score": 0.9960159362549801,
        "support": 250
    },
    "N": {
        "precision": 0.9727626459143969,
        "recall": 1.0,
        "f1-score": 0.9861932938856015,
        "support": 250
    },
    "O": {
        "precision": 1.0,
        "recall": 0.96,
        "f1-score": 0.9795918367346939,
        "support": 250
    },
    "P": {
        "precision": 1.0,
        "recall": 1.0,
        "f1-score": 1.0,
        "support": 250
    },
    "Q": {
        "precision": 1.0,
        "recall": 1.0,
        "f1-score": 1.0,
        "support": 250
    },
    "R": {
        "precision": 1.0,
        "recall": 1.0,
        "f1-score": 1.0,
        "support": 250
    },
    "S": {
        "precision": 1.0,
        "recall": 0.924,
        "f1-score": 0.9604989604989606,
        "support": 250
    },
    "T": {
        "precision": 0.9604743083003953,
        "recall": 0.972,
        "f1-score": 0.9662027833001987,
        "support": 250
    },
    "U": {
        "precision": 1.0,
        "recall": 1.0,
        "f1-score": 1.0,
        "support": 250
    },
    "V": {
        "precision": 0.9960159362549801,
        "recall": 1.0,
        "f1-score": 0.998003992015968,
        "support": 250
    },
    "W": {
        "precision": 1.0,
        "recall": 1.0,
        "f1-score": 1.0,
        "support": 250
    },
    "X": {
        "precision": 1.0,
        "recall": 1.0,
        "f1-score": 1.0,
        "support": 250
    },
    "Y": {
        "precision": 1.0,
        "recall": 1.0,
        "f1-score": 1.0,
        "support": 250
    },
    "Z": {
        "precision": 1.0,
        "recall": 1.0,
        "f1-score": 1.0,
        "support": 250
    },
    "LOVE": {
        "precision": 1.0,
        "recall": 1.0,
        "f1-score": 1.0,
        "support": 50
    },
    "LIKE": {
        "precision": 1.0,
        "recall": 1.0,
        "f1-score": 1.0,
        "support": 63
    },
    "OK": {
        "precision": 1.0,
        "recall": 1.0,
        "f1-score": 1.0,
        "support": 50
    },
    "HEART": {
        "precision": 1.0,
        "recall": 1.0,
        "f1-score": 1.0,
        "support": 50
    },
    "accuracy": 0.9880828243706241,
    "macro avg": {
        "precision": 0.9903629430455786,
        "recall": 0.9893333333333333,
        "f1-score": 0.9892779730808183,
        "support": 6713
    },
    "weighted avg": {
        "precision": 0.9892331405991122,
        "recall": 0.9880828243706241,
        "f1-score": 0.9880209739469891,
        "support": 6713
    }
}